Workbook

Sheet Dashboard
A1: AI Calling System Testing Dashboard
A3: Metric | B3: Count | D3: Quick Test URLs
A4: Total Tests | B4: =COUNTA('Testing Checklist'!A2:A38) -> 37 | D4: Health | E4: https://inbound-test.ladderaiagent.com/api/health
A5: Passed | B5: =COUNTIF('Testing Checklist'!G2:G38,"Passed") -> 13 | D5: Inbound Stats | E5: https://inbound-test.ladderaiagent.com/api/inbound/stats
A6: Failed | B6: =COUNTIF('Testing Checklist'!G2:G38,"Failed") -> 7 | D6: Inbound Calls | E6: https://inbound-test.ladderaiagent.com/api/inbound/calls
A7: Blocked | B7: =COUNTIF('Testing Checklist'!G2:G38,"Blocked") -> 0 | D7: Dashboard | E7: https://inbound-test.ladderaiagent.com
A8: In Progress | B8: =COUNTIF('Testing Checklist'!G2:G38,"In Progress") -> 0 | D8: Inbound Number | E8: +918065480098
A9: Not Started | B9: =COUNTIF('Testing Checklist'!G2:G38,"Not Started") -> 17
A10: Pass % | B10: =IF(B4=0,0,B5/B4) -> 0.35135135
A12: Go-Live Rule: Do not merge to main/live until all High priority tests are Passed and no crash appears in Coolify logs.
A15: Category | B15: Total | C15: Passed
A16: AI Prompt | B16: =COUNTIF('Testing Checklist'!B:B,A16) -> 1 | C16: =COUNTIFS('Testing Checklist'!B:B,A16,'Testing Checklist'!G:G,"Passed") -> 0
A17: Appointments | B17: =COUNTIF('Testing Checklist'!B:B,A17) -> 1 | C17: =COUNTIFS('Testing Checklist'!B:B,A17,'Testing Checklist'!G:G,"Passed") -> 0
A18: Basic App Health | B18: =COUNTIF('Testing Checklist'!B:B,A18) -> 2 | C18: =COUNTIFS('Testing Checklist'!B:B,A18,'Testing Checklist'!G:G,"Passed") -> 2
A19: CRM | B19: =COUNTIF('Testing Checklist'!B:B,A19) -> 6 | C19: =COUNTIFS('Testing Checklist'!B:B,A19,'Testing Checklist'!G:G,"Passed") -> 3
A20: Call Logs | B20: =COUNTIF('Testing Checklist'!B:B,A20) -> 1 | C20: =COUNTIFS('Testing Checklist'!B:B,A20,'Testing Checklist'!G:G,"Passed") -> 1
A21: Campaigns | B21: =COUNTIF('Testing Checklist'!B:B,A21) -> 2 | C21: =COUNTIFS('Testing Checklist'!B:B,A21,'Testing Checklist'!G:G,"Passed") -> 0
A22: Go Live | B22: =COUNTIF('Testing Checklist'!B:B,A22) -> 1 | C22: =COUNTIFS('Testing Checklist'!B:B,A22,'Testing Checklist'!G:G,"Passed") -> 0
A23: Inbound | B23: =COUNTIF('Testing Checklist'!B:B,A23) -> 11 | C23: =COUNTIFS('Testing Checklist'!B:B,A23,'Testing Checklist'!G:G,"Passed") -> 3
A24: Logs | B24: =COUNTIF('Testing Checklist'!B:B,A24) -> 2 | C24: =COUNTIFS('Testing Checklist'!B:B,A24,'Testing Checklist'!G:G,"Passed") -> 0
A25: Outbound | B25: =COUNTIF('Testing Checklist'!B:B,A25) -> 2 | C25: =COUNTIFS('Testing Checklist'!B:B,A25,'Testing Checklist'!G:G,"Passed") -> 1
A26: Recordings | B26: =COUNTIF('Testing Checklist'!B:B,A26) -> 2 | C26: =COUNTIFS('Testing Checklist'!B:B,A26,'Testing Checklist'!G:G,"Passed") -> 1
A27: Regression | B27: =COUNTIF('Testing Checklist'!B:B,A27) -> 2 | C27: =COUNTIFS('Testing Checklist'!B:B,A27,'Testing Checklist'!G:G,"Passed") -> 0
... A29: Stats | B29: =COUNTIF('Testing Checklist'!B:B,A29) -> 2 | C29: =COUNTIFS('Testing Checklist'!B:B,A29,'Testing Checklist'!G:G,"Passed") -> 2

Sheet Testing Checklist
A1: ID | B1: Category | C1: Test Case | D1: Steps | E1: Expected Result | F1: Priority | G1: Status | H1: Tester | I1: Test Date | J1: Notes / Issue | K1: Evidence Link
A2: T01 | B2: Basic App Health | C2: API health check | D2: Open /api/health in browser. | E2: status ok; required services configured. | F2: High | G2: Passed | H2: karuna | I2: 46153
A3: T02 | B3: Basic App Health | C3: Dashboard login/logout | D3: Open dashboard, login, logout, try wrong password. | E3: Login works; wrong password rejected; logout returns to login. | F3: High | G3: Passed | H3: karuna | I3: 46153
A4: T03 | B4: Stats | C4: Live Config badges | D4: Open Stats tab and review all config badges. | E4: LiveKit, Google API, Supabase, outbound trunk, Gemini, S3/R2 show configured. | F4: High | G4: Passed | H4: karuna | I4: 46153
A5: T04 | B5: Stats | C5: Dashboard charts and counters | D5: Check total calls, booked count, call chart, average duration chart. | E5: Stats load without errors and reflect calls. | F5: Medium | G5: Passed | H5: karuna | I5: 46153
A6: T05 | B6: Outbound | C6: Single call test | D6: Single Call tab: call your mobile with business/service details. | E6: Phone rings; AI speaks; log and recording saved. | F6: High | G6: Passed | H6: karuna | I6: 46153
A7: T06 | B7: Outbound | C7: Batch call test | D7: Batch Call tab: test 2-3 numbers. | E7: Batch starts; each number processed safely; no duplicate crash. | F7: High | G7: Failed | H7: karuna | I7: 46153 | J7: I have uploaded 2 number , call went both number same time, voice agen responsd to first number but there is a delay in responding , but 2nd number no answer, log:- [2026-05-11T15:00:36.874090] warning/server: CRM contact upsert skipped 'NoneType' object has no attribute 'data' [2026-05-11T15:00:05.058454] info/agent: Gemini native-audio: model will greet autonomously from system prompt [2026-05-11T15:00:04.726170] info/agent: Recording started: egress=EG_HNADrkdFAPo3 [2026-05-11T15:00:01.745403] info/agent: Agent session started [2026-05-11T14:59:59.151557] info/agent: Call ANSWERED — +919150151775 picked up, starting AI session now [2026-05-11T14:59:44.335897] info/server: Call dispatched to +918143554346 room=call-918143554346-4518 [2026-05-11T14:59:43.929069] info/agent: Dialing +919150151775 via SIP trunk ST_eM4ttK2yVPo3 [2026-05-11T14:59:43.675077] info/agent: Connected to LiveKit room: call-919150151775-7169 [2026-05-11T14:59:38.810892] info/server: Call dispatched to +919150151775 room=call-919150151775-7169
A8: T07 | B8: Campaigns | C8: Campaign creation and start | D8: Create test campaign with 2 numbers, start it. | E8: Campaign created and calls begin; statuses update. | F8: High | G8: Failed | H8: karuna | I8: 46153
A9: T08 | B9: Campaigns | C9: Campaign stop/pause safety | D9: Pause/stop campaign while running if feature exists. | E9: Campaign stops safely; no extra unexpected calls. | F9: Medium | G9: Failed | H9: karuna | I9: 46153 | J9: when pasuse ans resume ca, call reppeted
A10: T09 | B10: CRM | C10: Manual lead add | D10: CRM tab: add one lead with name, phone, city, source. | E10: Lead appears in CRM list and search. | F10: High | G10: Failed | H10: karuna | I10: 46153
A11: T10 | B11: CRM | C11: Upload leads CSV/Excel | D11: Upload 3 test leads with phone/name/city/source/budget. | E11: Upload succeeds; invalid/duplicate phones handled safely. | F11: High | G11: Failed | H11: karuna | I11: 46153
A12: T11 | B12: CRM | C12: CRM filters | D12: Filter by source, city, business name, campaign, CRM status, outcome, due today. | E12: Only matching leads show. | F12: Medium | G12: Passed | H12: karuna | I12: 46153
A13: T12 | B13: CRM | C13: Download filtered leads | D13: Click Download Filtered Leads Excel and CSV. | E13: Files download and contain only filtered leads. | F13: Medium | G13: Passed | H13: karuna | I13: 46153
A14: T13 | B14: CRM | C14: Call selected leads | D14: Select 1-2 leads and click Start Calling Selected Leads. | E14: Only selected leads are called; call log linked. | F14: High | G14: Not Started
A15: T14 | B15: CRM | C15: Status manager | D15: Add/delete test status; mark selected as Hot Lead / Not Interested. | E15: Status saves; dropdown and lead update correctly. | F15: Medium | G15: Passed | H15: karuna | I15: 46153
A16: T15 | B16: AI Prompt | C16: Default/custom prompt save | D16: Open AI Prompt tab; save short custom prompt; test a call. | E16: Prompt saves and call behavior reflects it. | F16: Medium | G16: Not Started
A17: T16 | B17: Appointments | C17: Outbound appointment booking | D17: During outbound call say: I want appointment tomorrow at 5 PM. | E17: Appointment saved with correct date/time and phone. | F17: High | G17: Failed | H17: karuna | I17: 46153
A18: T17 | B18: Call Logs | C18: Call logs and export | D18: Open Call Logs; download /api/export/calls.xlsx and CSV. | E18: Logs visible; Call Type column exists; exports open. | F18: High | G18: Passed | H18: karuna | I18: 46153
A19: T18 | B19: Recordings | C19: Recording storage status | D19: Open recording storage/retention or /api/recordings/storage. | E19: Storage usage and recording count load. | F19: Medium | G19: Passed | H19: karuna | I19: 46153
A20: T19 | B20: Recordings | C20: Recording playback/link | D20: Check inbound and outbound recording links after calls. | E20: Recording link works; metadata saved. | F20: High | G20: Failed | H20: karuna | I20: 46153
A21: T20 | B21: Inbound | C21: Inbound health badges | D21: Inbound tab: check all health badges. | E21: Enabled, trunk, dispatch rule, phone, agent profile, business, transfer are green. | F21: High | G21: Passed
A22: T21 | B22: Inbound | C22: Inbound settings save | D22: Set INBOUND_ENABLED, phone, trunk, dispatch rule, agent, business, greeting; save. | E22: Settings save; health updates without error. | F22: High | G22: Passed
A23: T22 | B23: Inbound | C23: Basic inbound call answer | D23: Call +918065480098 and say: I want service details. | E23: AI answers with inbound greeting and responds. | F23: High | G23: Passed
A24: T23 | B24: Inbound | C24: Inbound CRM existing contact | D24: Call from a number already in CRM. | E24: CRM contact loaded; no duplicate lead created. | F24: High | G24: Not Started
A25: T24 | B25: Inbound | C25: Inbound CRM new contact | D25: Call from a new number. | E25: CRM creates Unknown Caller with source inbound_call and status New. | F25: High | G25: Not Started
A26: T25 | B26: Inbound | C26: Inbound appointment booking | D26: During inbound call say: I want appointment tomorrow 6 PM. | E26: Appointment saved; call outcome updated. | F26: High | G26: Not Started
A27: T26 | B27: Inbound | C27: Inbound callback request | D27: Say: Please call me back tomorrow morning. | E27: Callback/follow-up note saved; outcome callback_requested. | F27: Medium | G27: Not Started
A28: T27 | B28: Inbound | C28: Inbound human transfer | D28: Say: I want to talk to a human. | E28: Transfer attempted to DEFAULT_TRANSFER_NUMBER; transferred_to and reason saved. | F28: High | G28: Not Started
A29: T28 | B29: Inbound | C29: Inbound FAQ answer | D29: Add FAQ text; call and ask pricing/service question. | E29: AI answers from FAQ; no outbound wording. | F29: Medium | G29: Not Started
A30: T29 | B30: Inbound | C30: Inbound calls table | D30: Inbound tab → Refresh Inbound Calls. | E30: New inbound call appears with room, caller, outcome, duration, recording. | F30: High | G30: Not Started
A31: T30 | B31: Inbound | C31: Inbound stats update | D31: Open /api/inbound/stats after test calls. | E31: total_inbound_calls and other counters update. | F31: Medium | G31: Not Started
A32: T31 | B32: Logs | C32: Inbound logs validation | D32: During inbound call, check Logs/Coolify logs. | E32: Shows received job, inbound-agent, room inbound-, caller detected, starting AI session. | F32: High | G32: Not Started
... A38: T37 | B38: Go Live | C38: Final go-live readiness | D38: Check all High priority tests are Passed. | E38: Ready to merge only if all critical tests pass. | F38: High | G38: Not Started

Sheet Settings
A1: Status Options
A2: Not Started
A3: In Progress
A4: Passed
A5: Failed
A6: Blocked
A7: Retest
A9: Priority Options
A10: High
A11: Medium
A12: Low
